N,repeticion,semilla,estructura,tiempo_ns
100,0,1000,Lista,14700
100,0,1000,ABB,174100
100,0,1000,Árbol B+,627200
100,1,1001,Lista,14400
100,1,1001,ABB,166600
100,1,1001,Árbol B+,641800
100,2,1002,Lista,14400
100,2,1002,ABB,207400
100,2,1002,Árbol B+,618400
100,3,1003,Lista,14600
100,3,1003,ABB,161800
100,3,1003,Árbol B+,580300
100,4,1004,Lista,14700
100,4,1004,ABB,159100
100,4,1004,Árbol B+,673100
100,5,1005,Lista,14400
100,5,1005,ABB,161500
100,5,1005,Árbol B+,624700
100,6,1006,Lista,26300
100,6,1006,ABB,170400
100,6,1006,Árbol B+,586400
100,7,1007,Lista,14300
100,7,1007,ABB,184500
100,7,1007,Árbol B+,608400
100,8,1008,Lista,14800
100,8,1008,ABB,185400
100,8,1008,Árbol B+,594800
100,9,1009,Lista,14400
100,9,1009,ABB,170700
100,9,1009,Árbol B+,639500
100,10,1010,Lista,14600
100,10,1010,ABB,167200
100,10,1010,Árbol B+,626100
100,11,1011,Lista,14200
100,11,1011,ABB,167400
100,11,1011,Árbol B+,602500
100,12,1012,Lista,14500
100,12,1012,ABB,168700
100,12,1012,Árbol B+,675800
100,13,1013,Lista,14000
100,13,1013,ABB,458900
100,13,1013,Árbol B+,585200
100,14,1014,Lista,14300
100,14,1014,ABB,165100
100,14,1014,Árbol B+,629100
100,15,1015,Lista,14500
100,15,1015,ABB,169100
100,15,1015,Árbol B+,624000
100,16,1016,Lista,14300
100,16,1016,ABB,165100
100,16,1016,Árbol B+,638100
100,17,1017,Lista,14100
100,17,1017,ABB,161300
100,17,1017,Árbol B+,598700
100,18,1018,Lista,14000
100,18,1018,ABB,169700
100,18,1018,Árbol B+,590900
100,19,1019,Lista,14700
100,19,1019,ABB,172600
100,19,1019,Árbol B+,628600
100,20,1020,Lista,14400
100,20,1020,ABB,171400
100,20,1020,Árbol B+,731500
100,21,1021,Lista,14400
100,21,1021,ABB,174600
100,21,1021,Árbol B+,611600
100,22,1022,Lista,13900
100,22,1022,ABB,178600
100,22,1022,Árbol B+,622400
100,23,1023,Lista,14100
100,23,1023,ABB,170100
100,23,1023,Árbol B+,613500
100,24,1024,Lista,14100
100,24,1024,ABB,178800
100,24,1024,Árbol B+,607700
100,25,1025,Lista,15200
100,25,1025,ABB,186000
100,25,1025,Árbol B+,604000
100,26,1026,Lista,14700
100,26,1026,ABB,176800
100,26,1026,Árbol B+,628400
100,27,1027,Lista,14700
100,27,1027,ABB,186100
100,27,1027,Árbol B+,643800
100,28,1028,Lista,14900
100,28,1028,ABB,166800
100,28,1028,Árbol B+,622600
100,29,1029,Lista,14100
100,29,1029,ABB,162500
100,29,1029,Árbol B+,626400
1000,0,1000,Lista,131600
1000,0,1000,ABB,2268800
1000,0,1000,Árbol B+,8649700
1000,1,1001,Lista,170700
1000,1,1001,ABB,2340300
1000,1,1001,Árbol B+,8743800
1000,2,1002,Lista,135000
1000,2,1002,ABB,2306700
1000,2,1002,Árbol B+,9923800
1000,3,1003,Lista,136200
1000,3,1003,ABB,3272300
1000,3,1003,Árbol B+,8159500
1000,4,1004,Lista,135200
1000,4,1004,ABB,2245200
1000,4,1004,Árbol B+,8136600
1000,5,1005,Lista,131100
1000,5,1005,ABB,2248800
1000,5,1005,Árbol B+,8191300
1000,6,1006,Lista,131000
1000,6,1006,ABB,2217500
1000,6,1006,Árbol B+,8393000
1000,7,1007,Lista,136800
1000,7,1007,ABB,2596000
1000,7,1007,Árbol B+,8222700
1000,8,1008,Lista,146800
1000,8,1008,ABB,2374300
1000,8,1008,Árbol B+,8208400
1000,9,1009,Lista,133300
1000,9,1009,ABB,2330300
1000,9,1009,Árbol B+,8326600
1000,10,1010,Lista,133100
1000,10,1010,ABB,2391800
1000,10,1010,Árbol B+,11014100
1000,11,1011,Lista,154700
1000,11,1011,ABB,2247500
1000,11,1011,Árbol B+,8235900
1000,12,1012,Lista,133100
1000,12,1012,ABB,2247900
1000,12,1012,Árbol B+,8308000
1000,13,1013,Lista,138500
1000,13,1013,ABB,2286000
1000,13,1013,Árbol B+,8262800
1000,14,1014,Lista,131100
1000,14,1014,ABB,2413500
1000,14,1014,Árbol B+,8462800
1000,15,1015,Lista,135900
1000,15,1015,ABB,2360400
1000,15,1015,Árbol B+,8210000
1000,16,1016,Lista,133800
1000,16,1016,ABB,2226000
1000,16,1016,Árbol B+,8421900
1000,17,1017,Lista,134400
1000,17,1017,ABB,2316500
1000,17,1017,Árbol B+,8299200
1000,18,1018,Lista,141500
1000,18,1018,ABB,2412100
1000,18,1018,Árbol B+,8030300
1000,19,1019,Lista,141000
1000,19,1019,ABB,2331600
1000,19,1019,Árbol B+,9284600
1000,20,1020,Lista,135200
1000,20,1020,ABB,2612300
1000,20,1020,Árbol B+,8331300
1000,21,1021,Lista,135300
1000,21,1021,ABB,2505600
1000,21,1021,Árbol B+,8218800
1000,22,1022,Lista,134200
1000,22,1022,ABB,2300800
1000,22,1022,Árbol B+,8707900
1000,23,1023,Lista,137900
1000,23,1023,ABB,2405600
1000,23,1023,Árbol B+,8087300
1000,24,1024,Lista,134900
1000,24,1024,ABB,2455900
1000,24,1024,Árbol B+,8288800
1000,25,1025,Lista,133000
1000,25,1025,ABB,2265900
1000,25,1025,Árbol B+,8222000
1000,26,1026,Lista,138800
1000,26,1026,ABB,2399400
1000,26,1026,Árbol B+,8668500
1000,27,1027,Lista,135300
1000,27,1027,ABB,2403600
1000,27,1027,Árbol B+,8158300
1000,28,1028,Lista,133000
1000,28,1028,ABB,2253500
1000,28,1028,Árbol B+,8433900
1000,29,1029,Lista,131500
1000,29,1029,ABB,2340100
1000,29,1029,Árbol B+,8214800
10000,0,1000,Lista,1491200
10000,0,1000,ABB,34451500
10000,0,1000,Árbol B+,108758100
10000,1,1001,Lista,1329800
10000,1,1001,ABB,36156700
10000,1,1001,Árbol B+,110287600
10000,2,1002,Lista,1318100
10000,2,1002,ABB,35976100
10000,2,1002,Árbol B+,108694600
10000,3,1003,Lista,1350000
10000,3,1003,ABB,33610500
10000,3,1003,Árbol B+,124134600
10000,4,1004,Lista,1948300
10000,4,1004,ABB,32949300
10000,4,1004,Árbol B+,111142400
10000,5,1005,Lista,1289800
10000,5,1005,ABB,33566400
10000,5,1005,Árbol B+,112662800
10000,6,1006,Lista,1259700
10000,6,1006,ABB,38839900
10000,6,1006,Árbol B+,120928600
10000,7,1007,Lista,1314300
10000,7,1007,ABB,36396200
10000,7,1007,Árbol B+,120747300
10000,8,1008,Lista,1748400
10000,8,1008,ABB,37767800
10000,8,1008,Árbol B+,107605100
10000,9,1009,Lista,1298400
10000,9,1009,ABB,33177600
10000,9,1009,Árbol B+,108272900
10000,10,1010,Lista,1302300
10000,10,1010,ABB,32391900
10000,10,1010,Árbol B+,106729900
10000,11,1011,Lista,1251200
10000,11,1011,ABB,32329400
10000,11,1011,Árbol B+,109937600
10000,12,1012,Lista,1343400
10000,12,1012,ABB,33241600
10000,12,1012,Árbol B+,107746700
10000,13,1013,Lista,1372500
10000,13,1013,ABB,31687000
10000,13,1013,Árbol B+,107886600
10000,14,1014,Lista,1310000
10000,14,1014,ABB,32546700
10000,14,1014,Árbol B+,106726500
10000,15,1015,Lista,1320000
10000,15,1015,ABB,37871800
10000,15,1015,Árbol B+,106984900
10000,16,1016,Lista,1399900
10000,16,1016,ABB,33667600
10000,16,1016,Árbol B+,110257800
10000,17,1017,Lista,1303100
10000,17,1017,ABB,31643500
10000,17,1017,Árbol B+,107230400
10000,18,1018,Lista,1267200
10000,18,1018,ABB,32032300
10000,18,1018,Árbol B+,109934900
10000,19,1019,Lista,1263900
10000,19,1019,ABB,33854100
10000,19,1019,Árbol B+,109353000
10000,20,1020,Lista,1284600
10000,20,1020,ABB,33239300
10000,20,1020,Árbol B+,107143700
10000,21,1021,Lista,1285600
10000,21,1021,ABB,32022600
10000,21,1021,Árbol B+,107160500
10000,22,1022,Lista,1308000
10000,22,1022,ABB,33115200
10000,22,1022,Árbol B+,110067700
10000,23,1023,Lista,1303600
10000,23,1023,ABB,40211400
10000,23,1023,Árbol B+,116843000
10000,24,1024,Lista,1348600
10000,24,1024,ABB,36245800
10000,24,1024,Árbol B+,110534300
10000,25,1025,Lista,1276800
10000,25,1025,ABB,31749800
10000,25,1025,Árbol B+,109704500
10000,26,1026,Lista,1331500
10000,26,1026,ABB,34540100
10000,26,1026,Árbol B+,109408100
10000,27,1027,Lista,1449800
10000,27,1027,ABB,34083300
10000,27,1027,Árbol B+,110633900
10000,28,1028,Lista,1303300
10000,28,1028,ABB,33291900
10000,28,1028,Árbol B+,109963200
10000,29,1029,Lista,1317000
10000,29,1029,ABB,32320300
10000,29,1029,Árbol B+,108053200
100000,0,1000,Lista,15521700
100000,0,1000,ABB,687516100
100000,0,1000,Árbol B+,1479810200
100000,1,1001,Lista,13801700
100000,1,1001,ABB,628076600
100000,1,1001,Árbol B+,1498979300
100000,2,1002,Lista,14085800
100000,2,1002,ABB,600759100
100000,2,1002,Árbol B+,1476383200
100000,3,1003,Lista,12425200
100000,3,1003,ABB,611743100
100000,3,1003,Árbol B+,1491726200
100000,4,1004,Lista,14076500
100000,4,1004,ABB,598021200
100000,4,1004,Árbol B+,1503987700
100000,5,1005,Lista,14716400
100000,5,1005,ABB,611061600
100000,5,1005,Árbol B+,1503021700
100000,6,1006,Lista,12691800
100000,6,1006,ABB,615502800
100000,6,1006,Árbol B+,1495201500
100000,7,1007,Lista,13867600
100000,7,1007,ABB,632701600
100000,7,1007,Árbol B+,1480273000
100000,8,1008,Lista,13555600
100000,8,1008,ABB,608665200
100000,8,1008,Árbol B+,1502511000
100000,9,1009,Lista,15276000
100000,9,1009,ABB,610136000
100000,9,1009,Árbol B+,1532992600
100000,10,1010,Lista,14149700
100000,10,1010,ABB,606425000
100000,10,1010,Árbol B+,1501882300
100000,11,1011,Lista,13797700
100000,11,1011,ABB,620767500
100000,11,1011,Árbol B+,1507362400
100000,12,1012,Lista,15083000
100000,12,1012,ABB,620369400
100000,12,1012,Árbol B+,1494509600
100000,13,1013,Lista,14083700
100000,13,1013,ABB,612155400
100000,13,1013,Árbol B+,1545356600
100000,14,1014,Lista,14489900
100000,14,1014,ABB,607258600
100000,14,1014,Árbol B+,1524657800
100000,15,1015,Lista,14302600
100000,15,1015,ABB,607950200
100000,15,1015,Árbol B+,1518179700
100000,16,1016,Lista,13028900
100000,16,1016,ABB,611321000
100000,16,1016,Árbol B+,1478958500
100000,17,1017,Lista,14900700
100000,17,1017,ABB,647848600
100000,17,1017,Árbol B+,1555995700
100000,18,1018,Lista,13592200
100000,18,1018,ABB,608675500
100000,18,1018,Árbol B+,1494873700
100000,19,1019,Lista,14915600
100000,19,1019,ABB,621291800
100000,19,1019,Árbol B+,1497852200
100000,20,1020,Lista,13441200
100000,20,1020,ABB,614211600
100000,20,1020,Árbol B+,1485089400
100000,21,1021,Lista,12421800
100000,21,1021,ABB,614714000
100000,21,1021,Árbol B+,1458725200
100000,22,1022,Lista,16397700
100000,22,1022,ABB,595843200
100000,22,1022,Árbol B+,1481782500
100000,23,1023,Lista,13506400
100000,23,1023,ABB,609319300
100000,23,1023,Árbol B+,1492442500
100000,24,1024,Lista,16166000
100000,24,1024,ABB,629407700
100000,24,1024,Árbol B+,1491942000
100000,25,1025,Lista,14575600
100000,25,1025,ABB,627821600
100000,25,1025,Árbol B+,1482637500
100000,26,1026,Lista,12730200
100000,26,1026,ABB,610839100
100000,26,1026,Árbol B+,1496071000
100000,27,1027,Lista,16067500
100000,27,1027,ABB,640110100
100000,27,1027,Árbol B+,1480314100
100000,28,1028,Lista,13955600
100000,28,1028,ABB,608293600
100000,28,1028,Árbol B+,1465660500
100000,29,1029,Lista,14917100
100000,29,1029,ABB,605120600
100000,29,1029,Árbol B+,1518360600
