estructura,M,n,media,desviacion,mediana,iqr,ic_inf,ic_sup,atipicos,n_sin,media_sin,desviacion_sin,mediana_sin,iqr_sin,ic_inf_sin,ic_sup_sin
ABB,100,30,511470.0,73559.43480122629,495350.0,24700.0,484002.45562876476,538937.5443712353,2,28,496650.0,15350.220169732396,493800.0,18700.0,490697.80599612085,502602.19400387915
ABB,1000,30,5642643.333333333,532069.2570186403,5713450.0,830125.0,5443965.4075822495,5841321.259084417,0,30,5642643.333333333,532069.2570186403,5713450.0,830125.0,5443965.4075822495,5841321.259084417
ABB,10000,30,56057233.333333336,1308073.9476970246,56247700.0,1322975.0,55568790.49392987,56545676.1727368,3,27,56153633.333333336,861944.9116789487,56320600.0,1086100.0,55812659.2824756,56494607.38419107
Lista,100,30,53788710.0,8743661.278432824,50613750.0,9204250.0,50523773.22089901,57053646.77910099,3,27,51642766.666666664,6092988.531153594,50469900.0,7214450.0,49232460.67941932,54053072.65391401
Lista,1000,30,492055830.0,30262801.600669473,484899650.0,22284600.0,480755514.1668172,503356145.8331828,3,27,484454388.8888889,18982111.789551385,481989300.0,22887550.0,476945315.5559884,491963462.2217894
Lista,10000,30,4887123360.0,237385768.1258745,4866271850.0,137442575.0,4798482057.402763,4975764662.597237,4,26,4875956803.846154,99994630.7965042,4866271850.0,128493400.0,4835568098.400972,4916345509.291336
Árbol B+,100,30,1042246.6666666666,148711.5948296622,975450.0,84775.0,986716.8445501867,1097776.4887831467,4,26,991723.0769230769,42803.99334354034,972000.0,63425.0,974434.1698561766,1009011.9839899772
Árbol B+,1000,30,10846870.0,456118.02174286067,10681600.0,784225.0,10676552.731595252,11017187.268404748,0,30,10846870.0,456118.02174286067,10681600.0,784225.0,10676552.731595252,11017187.268404748
Árbol B+,10000,30,106539006.66666667,2276886.712298984,105913850.0,2693475.0,105688803.19559126,107389210.13774209,1,29,106271482.7586207,1773587.1028731102,105789700.0,2371600.0,105596846.30491216,106946119.21232922
