estructura,N,n,media,desviacion,mediana,iqr,ic_inf,ic_sup,atipicos,n_sin,media_sin,desviacion_sin,mediana_sin,iqr_sin,ic_inf_sin,ic_sup_sin
ABB,100,30,236856.66666666666,16143.70130899426,233600.0,3800.0,230828.50952789842,242884.8238054349,1,29,233965.5172413793,3195.1163473192028,233500.0,2700.0,232750.15998136668,235180.87450139193
ABB,1000,30,2563816.6666666665,335514.4193245838,2490500.0,252475.0,2438533.5235200366,2689099.8098132964,1,29,2510458.620689655,167712.2653263222,2469600.0,230300.0,2446664.28674356,2574252.9546357505
ABB,10000,30,28059736.666666668,1438245.3885115408,27598750.0,767300.0,27522687.012432422,28596786.320900913,4,26,27611976.923076924,438559.6327139034,27555150.0,660975.0,27434838.853915233,27789114.992238615
ABB,100000,30,299549253.3333333,9216855.099545779,297290500.0,2985250.0,296107623.07755274,302990883.5891139,3,27,297025359.2592593,2060651.4407340775,297144100.0,2979650.0,296210192.69857466,297840525.8199439
Lista,100,30,249343.33333333334,135145.9177776155,205000.0,5150.0,198879.0182773661,299807.64838930056,4,26,205300.0,3341.017808991745,204800.0,4700.0,203950.53370266364,206649.46629733636
Lista,1000,30,2258230.0,306972.69018145796,2170750.0,215600.0,2143604.5136691006,2372855.4863308994,2,28,2187896.4285714286,115888.59427514333,2145850.0,173150.0,2142959.522889605,2232833.3342532525
Lista,10000,30,25615316.666666668,2860454.573723088,24693150.0,769650.0,24547205.374920692,26683427.958412644,6,24,24489212.5,519934.1825508135,24512850.0,545250.0,24269663.549689095,24708761.450310905
Lista,100000,30,319483826.6666667,5783279.559506207,317917950.0,4311025.0,317324314.5885594,321643338.744774,3,27,317895800.0,2856587.8036566633,317320700.0,2934800.0,316765771.50067705,319025828.49932295
Árbol B+,100,30,193620.0,3222.913652860266,193250.0,1950.0,192416.54426378052,194823.45573621948,2,28,192950.0,1635.14638601677,193100.0,1925.0,192315.95642233817,193584.04357766183
Árbol B+,1000,30,2185783.3333333335,358276.42197084345,2099400.0,297925.0,2052000.7187136859,2319565.947952981,3,27,2085170.3703703703,163715.1085899734,2037700.0,244950.0,2020406.8303735943,2149933.910367146
Árbol B+,10000,30,24222250.0,746408.2019682777,23922450.0,901175.0,23943536.596858464,24500963.403141536,1,29,24145100.0,626164.1826002415,23909400.0,799800.0,23906919.883046955,24383280.116953045
Árbol B+,100000,30,275023786.6666667,5135655.455110787,273447400.0,5302300.0,273106101.4034531,276941471.92988026,3,27,273643951.8518519,3058107.4629417923,272366100.0,4758700.0,272434204.8303555,274853698.87334824
